{
  "scenario": "UMi_NLOS",
  "gamma": 0.125,
  "M": 32,
  "test_nmse_dB": 7.209269989229698,
  "test_cos_sim": 0.009940072079189122,
  "best_val_nmse_dB": 7.185980369473933
}