{
  "scenario": "UMi_LOS",
  "gamma": 0.125,
  "M": 32,
  "test_nmse_dB": -6.230783111391469,
  "test_cos_sim": 0.8676796704530716,
  "best_val_nmse_dB": -6.088213407583919
}