{
  "ue_counts": [
    1,
    2,
    4,
    8,
    16
  ],
  "results": {
    "UMi-LOS": {
      "Type 1 SU-MIMO": {
        "bler": [
          0.04237317402573901,
          0.04193370806632153,
          0.042618507542991624,
          0.04312522971553537,
          0.042715252754526915
        ],
        "mcs": [
          12.314,
          12.384,
          12.168666666666669,
          12.1876,
          12.280285714285716
        ],
        "tput": [
          33.56421354410508,
          30.820592607425546,
          25.779780193468987,
          20.277452157488312,
          14.872759264144063
        ],
        "bler_std": [
          0.018940077550459667,
          0.012995472699804169,
          0.0110700006702373,
          0.008810844521538824,
          0.007551829570049827
        ],
        "mcs_std": [
          2.1825223939286396,
          1.5733861573053196,
          1.2895289406945811,
          0.9976403359928867,
          0.8741241213877106
        ],
        "tput_std": [
          7.198436257709208,
          4.703873027418373,
          3.220508278958336,
          1.9686980012902937,
          1.2716186124003175
        ]
      },
      "Type 2 SU-MIMO": {
        "bler": [
          0.039870220004001575,
          0.03969218808899679,
          0.03996588930743072,
          0.03983875880904799,
          0.04022458182931798
        ],
        "mcs": [
          12.738,
          12.608,
          12.63,
          12.8392,
          12.822857142857144
        ],
        "tput": [
          70.16175598448629,
          63.14123788661971,
          54.10125236634975,
          43.24543194213381,
          31.429645004533704
        ],
        "bler_std": [
          0.01773265927842137,
          0.012190188738468208,
          0.010529586867171311,
          0.008175942622456014,
          0.006621888640342686
        ],
        "mcs_std": [
          1.9640152748896837,
          1.4728665927367626,
          1.184056117288741,
          0.8715407965207366,
          0.7135767910566416
        ],
        "tput_std": [
          13.43064761742529,
          9.10989478319783,
          6.071955138197214,
          3.6936609119075903,
          2.162041728083972
        ]
      },
      "Type 2 MU-MIMO": {
        "bler": [
          0.03508150651236215,
          0.03773916190561068,
          0.03941234317730401,
          0.042018640641591734,
          0.041808805840599816
        ],
        "mcs": [
          13.568,
          13.145,
          12.816,
          12.3224,
          12.385142857142856
        ],
        "tput": [
          38.15476415488913,
          66.674248939251,
          82.56317935735919,
          82.26979041698331,
          60.21161228750911
        ],
        "bler_std": [
          0.013616616478469868,
          0.011979126307482898,
          0.010060004346984583,
          0.008389798663547577,
          0.007371450817195341
        ],
        "mcs_std": [
          1.2301934807175658,
          1.1757869705010342,
          1.126612227481626,
          1.0278026269668705,
          0.8256547679983247
        ],
        "tput_std": [
          4.434790722235332,
          7.619744447237356,
          8.945483607919822,
          8.346549842068718,
          4.962077724149885
        ]
      }
    },
    "UMi-NLOS": {
      "Type 1 SU-MIMO": {
        "bler": [
          0.09133830970417744,
          0.08623424773300133,
          0.08844583792875718,
          0.09402945136068254,
          0.09168401385719856
        ],
        "mcs": [
          5.254,
          5.413,
          5.162,
          5.241,
          5.31
        ],
        "tput": [
          14.700925472735108,
          13.73163752119799,
          11.284102954727555,
          8.947364394069275,
          6.57512728426314
        ],
        "bler_std": [
          0.16711390047395747,
          0.1088096671762619,
          0.09645691023625504,
          0.0850223581355122,
          0.07743973358256483
        ],
        "mcs_std": [
          3.731150492810495,
          2.600179032297584,
          2.1674820004378863,
          1.847882301446713,
          1.7855363339904342
        ],
        "tput_std": [
          9.193025479028618,
          5.788427708504577,
          4.097402205853783,
          2.7451363938865945,
          1.9377689646224385
        ]
      },
      "Type 2 SU-MIMO": {
        "bler": [
          0.0690544602093328,
          0.06433932442118834,
          0.06007839471642578,
          0.06207146707571067,
          0.061522670759457464
        ],
        "mcs": [
          7.082,
          7.187,
          7.346,
          7.236,
          7.2396
        ],
        "tput": [
          38.26759929466854,
          35.426441172956814,
          30.947196097754343,
          23.971705456439174,
          17.445380285212266
        ],
        "bler_std": [
          0.1204222304109434,
          0.08122533939318173,
          0.05643404306492905,
          0.0515898400902236,
          0.0431150427740441
        ],
        "mcs_std": [
          3.848542061612423,
          2.779483944907759,
          2.2855234265553555,
          2.016197906952589,
          1.8098706694125963
        ],
        "tput_std": [
          19.79951605820457,
          12.955198556396377,
          9.176426162303786,
          6.278117645949966,
          4.131025698265419
        ]
      },
      "Type 2 MU-MIMO": {
        "bler": [
          0.04890874819390686,
          0.055137220249290776,
          0.058159175925157125,
          0.060150107999171844,
          0.060688450846383496
        ],
        "mcs": [
          9.042,
          8.271,
          7.811333333333334,
          7.4545,
          7.376399999999999
        ],
        "tput": [
          24.480421346061405,
          40.74338513634958,
          49.330281958741615,
          49.32844197876174,
          35.70650658559569
        ],
        "bler_std": [
          0.05071260683928708,
          0.055105017678984874,
          0.050335177363518405,
          0.04931161188657936,
          0.043564931612472615
        ],
        "mcs_std": [
          3.9319506609315433,
          2.842544458755219,
          2.3274603230894306,
          1.9725756639480272,
          1.815886295999835
        ],
        "tput_std": [
          10.793582592693594,
          13.732294966407224,
          14.120084442437033,
          12.362976501497076,
          8.257719160987474
        ]
      }
    },
    "UMa-LOS": {
      "Type 1 SU-MIMO": {
        "bler": [
          0.04605760315725492,
          0.046590997331818186,
          0.04607798201269271,
          0.04723743561419207,
          0.04578877430179404
        ],
        "mcs": [
          9.802,
          9.521,
          9.441333333333334,
          9.4476,
          9.487666666666666
        ],
        "tput": [
          26.187812830594055,
          23.14571841235698,
          19.61205659083937,
          15.428202653400735,
          11.284396319510925
        ],
        "bler_std": [
          0.02070976381623126,
          0.020020646401967948,
          0.015563829154194221,
          0.016227505215266634,
          0.008816413245188464
        ],
        "mcs_std": [
          3.2457350477203155,
          2.4347605631765927,
          1.8744784163423522,
          1.4928275988874269,
          1.3621523409663105
        ],
        "tput_std": [
          9.193818226761907,
          6.163105379106967,
          4.079079830418424,
          2.5282246434962476,
          1.6975968442024605
        ]
      },
      "Type 2 SU-MIMO": {
        "bler": [
          0.04405220578737429,
          0.04560907304205893,
          0.045903258031003265,
          0.0459309374841828,
          0.04584707816903439
        ],
        "mcs": [
          10.432,
          10.166,
          10.331333333333331,
          10.451600000000001,
          10.350333333333333
        ],