{
  "ue_counts": [
    1,
    2,
    4,
    8,
    16
  ],
  "results": {
    "UMi-LOS": {
      "Type 1 SU-MIMO": {
        "bler": [
          0.04196321033784899,
          0.040730020217279686,
          0.038329887218976746,
          0.039838782812960265,
          0.039773800245571034
        ],
        "mcs": [
          22.265,
          22.345,
          22.5425,
          22.451875,
          22.208125
        ],
        "tput": [
          164.8114696418369,
          166.23587222247087,
          169.1600244222844,
          167.6656434826258,
          165.0919994339626
        ],
        "bler_std": [
          0.025076894091959775,
          0.01891845749363848,
          0.013938927166116907,
          0.010351695142860924,
          0.006386192874157962
        ],
        "mcs_std": [
          3.2779223602763987,
          2.3918559739248515,
          1.6716589813715,
          1.1591805766898442,
          0.8058165016770257
        ],
        "tput_std": [
          38.501808325256704,
          28.62232169346016,
          19.745158385511438,
          13.874223836732474,
          9.454348784962695
        ]
      },
      "Type 2 SU-MIMO": {
        "bler": [
          0.03686925174585929,
          0.03830195193010425,
          0.03624001682804261,
          0.03675778046939324,
          0.03751169299709736
        ],
        "mcs": [
          23.065,
          22.8925,
          22.89,
          23.1575,
          23.033125
        ],
        "tput": [
          175.54939042265127,
          173.50817216438244,
          173.8988418734347,
          176.71468149867974,
          174.9075191715739
        ],
        "bler_std": [
          0.026384201966255186,
          0.019374532443940173,
          0.013121189280182943,
          0.009507877145382213,
          0.006815252601872116
        ],
        "mcs_std": [
          3.2374025081846094,
          2.3973305466706085,
          1.7145772073604617,
          1.0759617790609477,
          0.8080868127095009
        ],
        "tput_std": [
          40.3577868220292,
          28.886317497838593,
          21.053048152450806,
          13.065555935965724,
          9.812112769608888
        ]
      },
      "Type 2 MU-MIMO": {
        "bler": [
          0.029667251077753493,
          0.03606971502790549,
          0.041433077219125314,
          0.04235255364786521,
          0.04205869024913918
        ],
        "mcs": [
          25.03,
          23.365,
          21.1925,
          21.076875,
          21.1209375
        ],
        "tput": [
          100.37968841806789,
          179.3641638035064,
          307.19843218855704,
          304.31476376473756,
          305.27672036272406
        ],
        "bler_std": [
          0.026919672357312095,
          0.018247036209347787,
          0.01230052579117828,
          0.009260796202403245,
          0.006221403678508424
        ],
        "mcs_std": [
          2.247020249129945,
          2.1631631931040247,
          1.9738461819503565,
          1.1927304219206452,
          0.90894163857959
        ],
        "tput_std": [
          15.74246951048091,
          26.724481509968207,
          43.563728107548776,
          26.04337495209251,
          19.63789783021615
        ]
      }
    },
    "UMi-NLOS": {
      "Type 1 SU-MIMO": {
        "bler": [
          0.04227081365297252,
          0.040687762897367266,
          0.04020197881000089,
          0.04282854105207472,
          0.04180449807296387
        ],
        "mcs": [
          13.02,
          13.2525,
          13.465,
          13.265,
          13.2203125
        ],
        "tput": [
          82.72917973724655,
          85.29610704587854,
          86.65263067919724,
          84.90604263982921,
          84.4149509089363
        ],
        "bler_std": [
          0.025991656146005935,
          0.01736306739064708,
          0.01655194194236033,
          0.00998699184651562,
          0.0069272807007493145
        ],
        "mcs_std": [
          5.321616295825922,
          4.195830519694521,
          2.6105602846898597,
          1.8464729892419223,
          1.3673785580788336
        ],
        "tput_std": [
          41.21924954343989,
          34.2389244863657,
          20.693277675537608,
          14.395772475479106,
          10.516873987386914
        ]
      },
      "Type 2 SU-MIMO": {
        "bler": [
          0.03979614141672723,
          0.039797659532516884,
          0.04150680022776256,
          0.04287819035758242,
          0.042030404741794494
        ],
        "mcs": [
          15.56,
          15.265,
          15.92125,
          15.62875,
          15.53
        ],
        "tput": [
          103.99869840411698,
          100.82191379584557,
          107.06193968535632,
          104.0408501514349,
          103.25039070034464
        ],
        "bler_std": [
          0.025095508181477565,
          0.018148167389619066,
          0.012511339143527698,
          0.00965908258420458,
          0.0063457135552777546
        ],
        "mcs_std": [
          5.469588649980911,
          3.6718217549331014,
          2.9490016848927025,
          2.0809369133878133,
          1.44859792126732
        ],
        "tput_std": [
          46.780966680188506,
          31.38262255003323,
          25.918743573663757,
          17.88025552459519,
          12.44598104861506
        ]
      },
      "Type 2 MU-MIMO": {
        "bler": [
          0.04008539710208362,
          0.0440360216212907,
          0.04288687073343422,
          0.04192499912740173,
          0.0414718954566981
        ],
        "mcs": [
          18.68,
          16.06,
          13.69125,
          14.2425,
          13.91375
        ],
        "tput": [
          66.43555126218986,
          107.62395616209419,
          176.90510891357863,
          186.03979670707113,
          180.27658316842263
        ],
        "bler_std": [
          0.026878607588655165,
          0.0192379002719729,
          0.013576251711728698,
          0.009144764549137964,
          0.005843418337543146
        ],
        "mcs_std": [
          5.746094325713772,
          3.7156964353940434,
          2.6752310063805704,
          2.121122933731093,
          1.2412279706000828
        ],
        "tput_std": [
          28.04926490805619,
          32.322759615571094,
          42.88724368308586,
          34.47218858260019,
          20.385108132710197
        ]
      }
    },
    "UMa-NLOS": {
      "Type 1 SU-MIMO": {
        "bler": [
          0.043278128358042574,
          0.05125011373383197,
          0.05133445966343539,
          0.04931564011578056,
          0.0532352699040455
        ],
        "mcs": [
          8.425,
          8.0775,
          8.38625,
          8.8675,
          8.7025
        ],
        "tput": [
          52.09002760195894,
          49.814331899005886,
          52.19872880369822,
          55.669434087744506,
          54.43541743513686
        ],
        "bler_std": [
          0.06263901071909711,
          0.06273054786639481,
          0.03961022010676454,
          0.023997855276212395,
          0.021408454843132876
        ],
        "mcs_std": [
          4.885117705849062,
          3.4968190902590313,
          2.5015991760272067,
          1.8937660890405656,
          1.359015613412885
        ],
        "tput_std": [
          31.271965657437732,
          22.14285873701135,
          16.189287307274064,
          12.765327040555647,
          9.120645412992522
        ]
      },
      "Type 2 SU-MIMO": {
        "bler": [
          0.042587276774041616,
          0.03668554737181141,
          0.04001452914042423,
          0.038740770603811515,
          0.039493102555932566
        ],
        "mcs": [
          11.405,
          10.795,
          11.215,
          11.0175,
          11.005625
        ],