{
  "UMi_LOS": {
    "5": {
      "r_h_nmse_mean": 0.7630343427757422,
      "r_h_nmse_std": 0.6847055364977855,
      "r_h_nmse_median": 0.618630975484848,
      "pdp_nmse_mean": 0.5645396613886573,
      "pdp_nmse_std": 0.5224474306637726,
      "pdp_nmse_median": 0.4705548476205222,
      "n_measurements": 1500,
      "train_per_loc": 50,
      "ref_per_loc": 60
    },
    "10": {
      "r_h_nmse_mean": 0.5705513654450576,
      "r_h_nmse_std": 0.39181168697596525,
      "r_h_nmse_median": 0.4955248683691025,
      "pdp_nmse_mean": 0.40767031925961383,
      "pdp_nmse_std": 0.3042446986836128,
      "pdp_nmse_median": 0.34450042726700336,
      "n_measurements": 1500,
      "train_per_loc": 50,
      "ref_per_loc": 60
    },
    "20": {
      "r_h_nmse_mean": 0.38948869752138854,
      "r_h_nmse_std": 0.2197394282398776,
      "r_h_nmse_median": 0.37259550392627716,
      "pdp_nmse_mean": 0.28014560278125833,
      "pdp_nmse_std": 0.18985398524415323,
      "pdp_nmse_median": 0.24613967893945948,
      "n_measurements": 1500,
      "train_per_loc": 50,
      "ref_per_loc": 60
    },
    "30": {
      "r_h_nmse_mean": 0.2813521238081157,
      "r_h_nmse_std": 0.15021403154548937,
      "r_h_nmse_median": 0.2750573456287384,
      "pdp_nmse_mean": 0.20418943606571807,
      "pdp_nmse_std": 0.14226673162285416,
      "pdp_nmse_median": 0.17464017635062593,
      "n_measurements": 1500,
      "train_per_loc": 50,
      "ref_per_loc": 60
    },
    "50": {
      "r_h_nmse_mean": 0.12649515037114423,
      "r_h_nmse_std": 0.10345512404582403,
      "r_h_nmse_median": 0.1017024852335453,
      "pdp_nmse_mean": 0.09877073918517132,
      "pdp_nmse_std": 0.10806264857057983,
      "pdp_nmse_median": 0.07675751502978564,
      "n_measurements": 1500,
      "train_per_loc": 50,
      "ref_per_loc": 60
    }
  },
  "UMi_NLOS": {
    "5": {
      "r_h_nmse_mean": 1.3678365678588549,
      "r_h_nmse_std": 1.3706685224774187,
      "r_h_nmse_median": 0.9311864674091339,
      "pdp_nmse_mean": 0.958486678078925,
      "pdp_nmse_std": 1.0909334466106617,
      "pdp_nmse_median": 0.7706567771324327,
      "n_measurements": 1500,
      "train_per_loc": 50,
      "ref_per_loc": 60
    },
    "10": {
      "r_h_nmse_mean": 1.1401244969964028,
      "r_h_nmse_std": 0.8097932880438397,
      "r_h_nmse_median": 0.872124582529068,
      "pdp_nmse_mean": 0.7799285379643782,
      "pdp_nmse_std": 0.7216612745102072,
      "pdp_nmse_median": 0.6384905669381644,
      "n_measurements": 1500,
      "train_per_loc": 50,
      "ref_per_loc": 60
    },
    "20": {
      "r_h_nmse_mean": 0.8184804265201092,
      "r_h_nmse_std": 0.3197631175828745,
      "r_h_nmse_median": 0.7604664266109467,
      "pdp_nmse_mean": 0.5528946591360505,
      "pdp_nmse_std": 0.3626055431505031,
      "pdp_nmse_median": 0.5064345827457668,
      "n_measurements": 1500,
      "train_per_loc": 50,
      "ref_per_loc": 60
    },
    "30": {
      "r_h_nmse_mean": 0.6065370637277762,
      "r_h_nmse_std": 0.17779719437458352,
      "r_h_nmse_median": 0.587470680475235,
      "pdp_nmse_mean": 0.4196895634991555,
      "pdp_nmse_std": 0.2405988520956038,
      "pdp_nmse_median": 0.39901806067063006,
      "n_measurements": 1500,
      "train_per_loc": 50,
      "ref_per_loc": 60
    },
    "50": {
      "r_h_nmse_mean": 0.24987700706720353,
      "r_h_nmse_std": 0.18644723531089463,
      "r_h_nmse_median": 0.17554739117622375,
      "pdp_nmse_mean": 0.18618674177307068,
      "pdp_nmse_std": 0.16359898248923865,
      "pdp_nmse_median": 0.15631808305246658,
      "n_measurements": 1500,
      "train_per_loc": 50,
      "ref_per_loc": 60
    }
  },
  "UMa_NLOS": {
    "5": {
      "r_h_nmse_mean": 1.0068503184727582,
      "r_h_nmse_std": 0.8365262914749854,
      "r_h_nmse_median": 0.7365075349807739,
      "pdp_nmse_mean": 0.6269624140626041,
      "pdp_nmse_std": 0.6399553174607471,
      "pdp_nmse_median": 0.5284369838435282,
      "n_measurements": 1500,
      "train_per_loc": 50,
      "ref_per_loc": 60
    },
    "10": {
      "r_h_nmse_mean": 0.7427819124101943,
      "r_h_nmse_std": 0.4511177836722482,
      "r_h_nmse_median": 0.6210961639881134,
      "pdp_nmse_mean": 0.4607599878428141,
      "pdp_nmse_std": 0.41774875498302544,
      "pdp_nmse_median": 0.38817666484364644,
      "n_measurements": 1500,
      "train_per_loc": 50,
      "ref_per_loc": 60
    },
    "20": {
      "r_h_nmse_mean": 0.5083080608453188,
      "r_h_nmse_std": 0.21553634500357216,
      "r_h_nmse_median": 0.4638829231262207,
      "pdp_nmse_mean": 0.3148291407692271,
      "pdp_nmse_std": 0.2355722706205777,
      "pdp_nmse_median": 0.27603115639286946,
      "n_measurements": 1500,
      "train_per_loc": 50,
      "ref_per_loc": 60
    },
    "30": {
      "r_h_nmse_mean": 0.3606002438124476,
      "r_h_nmse_std": 0.13421372472881488,
      "r_h_nmse_median": 0.3404006361961365,
      "pdp_nmse_mean": 0.22021374199214136,
      "pdp_nmse_std": 0.16019213375598054,
      "pdp_nmse_median": 0.1927591864534518,
      "n_measurements": 1500,
      "train_per_loc": 50,
      "ref_per_loc": 60
    },
    "50": {
      "r_h_nmse_mean": 0.1384545971950124,
      "r_h_nmse_std": 0.07954194362793149,
      "r_h_nmse_median": 0.12151303142309189,
      "pdp_nmse_mean": 0.08814318927694868,
      "pdp_nmse_std": 0.08235787259111302,
      "pdp_nmse_median": 0.07261293360604049,
      "n_measurements": 1500,
      "train_per_loc": 50,
      "ref_per_loc": 60
    }
  }
}